City_ID,City,Country,Date,Lat,Lng,Max Temp,Humidity,Cloudiness,Wind Speed,Current Description,Rain inches (last 3 hrs),Snow inches (last 3 hrs)
0,Khatanga,RU,2020-02-23 18:27:20,71.97,102.5,12.67,92,98,15.46,light snow,0.0,0.25
1,Sao Filipe,CV,2020-02-23 18:27:20,14.9,-24.5,68.52,83,100,18.84,overcast clouds,0.0,0.0
2,Albany,US,2020-02-23 18:27:21,42.6,-73.97,51.01,29,75,4.7,broken clouds,0.0,0.0
3,Bahir Dar,ET,2020-02-23 18:26:17,11.59,37.39,75.31,25,35,7.09,scattered clouds,0.0,0.0
4,Butaritari,KI,2020-02-23 18:25:37,3.07,172.79,84.7,76,100,17.56,moderate rain,6.37,0.0
5,Milkovo,RU,2020-02-23 18:21:05,54.72,158.62,-4.72,99,100,0.45,light snow,0.0,0.19
6,Ambanja,MG,2020-02-23 18:27:21,-13.68,48.45,78.33,84,100,4.65,light rain,0.19,0.0
7,Matara,LK,2020-02-23 18:27:21,5.95,80.54,75.51,87,94,10.89,overcast clouds,0.0,0.0
8,Provideniya,RU,2020-02-23 18:27:22,64.38,-173.3,-9.76,73,0,2.24,clear sky,0.0,0.0
9,Hilo,US,2020-02-23 18:27:22,19.73,-155.09,70.0,64,40,4.7,scattered clouds,0.0,0.0
10,Vaini,TO,2020-02-23 18:27:22,-21.2,-175.2,77.0,100,75,6.93,broken clouds,0.0,0.0
11,Superior,US,2020-02-23 18:27:22,46.72,-92.1,44.6,48,75,13.87,broken clouds,0.0,0.0
12,Busselton,AU,2020-02-23 18:21:06,-33.65,115.33,68.0,44,93,15.14,light rain,0.69,0.0
13,Ushuaia,AR,2020-02-23 18:21:06,-54.8,-68.3,51.8,71,75,12.75,shower rain,0.0,0.0
14,Hithadhoo,MV,2020-02-23 18:21:07,-0.6,73.08,83.26,78,100,14.05,light rain,2.13,0.0
15,Harper,LR,2020-02-23 18:21:07,4.38,-7.72,81.03,87,98,6.22,light rain,2.75,0.0
16,Haines Junction,CA,2020-02-23 18:27:23,60.75,-137.51,5.56,95,100,4.74,light snow,0.0,0.94
17,Saldanha,ZA,2020-02-23 18:25:53,-33.01,17.94,78.8,34,0,12.75,clear sky,0.0,0.0
18,Lorengau,PG,2020-02-23 18:27:24,-2.02,147.27,83.43,71,10,6.78,clear sky,0.0,0.0
19,Atuona,PF,2020-02-23 18:27:24,-9.8,-139.03,81.3,78,20,15.3,light rain,0.5,0.0
20,Batticaloa,LK,2020-02-23 18:25:02,7.71,81.69,73.71,94,68,3.2,light rain,0.31,0.0
21,Awbari,LY,2020-02-23 18:27:25,26.59,12.78,56.25,44,0,7.9,clear sky,0.0,0.0
22,Yellowknife,CA,2020-02-23 18:27:15,62.46,-114.35,-8.0,69,40,8.05,scattered clouds,0.0,0.0
23,Hadejia,NG,2020-02-23 18:27:25,12.45,10.04,80.62,13,1,10.49,clear sky,0.0,0.0
24,Rikitea,PF,2020-02-23 18:27:25,-23.12,-134.97,78.37,74,2,8.25,light rain,0.44,0.0
25,Kapaa,US,2020-02-23 18:27:25,22.08,-159.32,69.8,82,1,9.17,clear sky,0.0,0.0
26,Nanortalik,GL,2020-02-23 18:27:25,60.14,-45.24,26.92,89,100,6.69,light snow,0.0,0.81
27,Lanquin,GT,2020-02-23 18:27:26,15.57,-89.97,73.63,63,60,4.88,light rain,0.12,0.0
28,Goya,AR,2020-02-23 18:27:26,-29.14,-59.26,85.35,22,27,5.86,scattered clouds,0.0,0.0
29,Bluff,NZ,2020-02-23 18:27:26,-46.6,168.33,51.01,91,40,3.0,scattered clouds,0.0,0.0
30,Punta Arenas,CL,2020-02-23 18:27:26,-53.15,-70.92,57.2,58,75,28.86,light intensity shower rain,0.0,0.0
31,Hobart,AU,2020-02-23 18:27:27,-42.88,147.33,57.2,76,99,4.7,overcast clouds,0.0,0.0
32,Omsukchan,RU,2020-02-23 18:27:27,62.53,155.8,-13.36,98,98,1.32,overcast clouds,0.0,0.0
33,Port Elizabeth,ZA,2020-02-23 18:26:31,-33.92,25.57,62.6,72,8,3.36,clear sky,0.0,0.0
34,Saint George,US,2020-02-23 18:26:52,37.1,-113.58,50.0,81,1,4.7,clear sky,0.0,0.0
35,Saint-Philippe,RE,2020-02-23 18:27:02,-21.36,55.77,77.0,78,0,3.36,clear sky,0.0,0.0
36,Rio Gallegos,AR,2020-02-23 18:27:29,-51.62,-69.22,62.6,36,40,16.11,scattered clouds,0.0,0.0
37,Ponta Delgada,PT,2020-02-23 18:27:29,37.73,-25.67,60.8,87,20,8.05,few clouds,0.0,0.0
38,Walvis Bay,NA,2020-02-23 18:26:21,-22.96,14.51,64.4,82,30,6.93,scattered clouds,0.0,0.0
39,Jamestown,US,2020-02-23 18:27:30,42.1,-79.24,46.0,26,1,16.11,clear sky,0.0,0.0
40,Sorland,NO,2020-02-23 18:27:30,67.67,12.69,33.8,86,90,44.96,light shower snow,0.0,0.0
41,Mar Del Plata,AR,2020-02-23 18:27:30,-38.0,-57.56,81.0,53,20,11.41,few clouds,0.0,0.0
42,Arman,RU,2020-02-23 18:27:30,59.7,150.17,-1.98,96,73,5.53,broken clouds,0.0,0.0
43,Tasiilaq,GL,2020-02-23 18:26:02,65.61,-37.64,10.4,72,96,2.24,overcast clouds,0.0,0.0
44,Namtsy,RU,2020-02-23 18:27:31,62.72,129.67,-18.4,75,40,2.24,scattered clouds,0.0,0.0
45,Flinders,AU,2020-02-23 18:26:08,-34.58,150.86,69.01,77,90,5.82,overcast clouds,0.0,0.0
46,Dvinskoy,RU,2020-02-23 18:27:31,62.15,45.12,31.5,89,100,10.65,overcast clouds,0.0,0.0
47,Torbay,CA,2020-02-23 18:27:31,47.67,-52.73,37.0,69,20,24.16,few clouds,0.0,0.0
48,Hasaki,JP,2020-02-23 18:27:31,35.73,140.83,41.0,44,20,3.36,few clouds,0.0,0.0
49,Hermanus,ZA,2020-02-23 18:27:32,-34.42,19.23,73.0,73,0,8.99,clear sky,0.0,0.0
50,Barrow,US,2020-02-23 18:25:46,71.29,-156.79,-29.2,81,20,10.29,few clouds,0.0,0.0
51,Carnot,CF,2020-02-23 18:27:32,4.94,15.87,83.64,20,17,5.28,few clouds,0.0,0.0
52,Georgetown,MY,2020-02-23 18:27:32,5.41,100.34,80.6,83,40,4.16,scattered clouds,0.0,0.0
53,Jalu,LY,2020-02-23 18:27:33,29.03,21.55,57.83,39,49,10.11,scattered clouds,0.0,0.0
54,Mataura,NZ,2020-02-23 18:27:33,-46.19,168.86,51.01,91,93,3.0,overcast clouds,0.0,0.0
55,Saryozek,KZ,2020-02-23 18:27:33,44.36,77.98,26.19,84,100,2.64,overcast clouds,0.0,0.0
56,Siloam Springs,US,2020-02-23 18:27:34,36.19,-94.54,51.01,87,90,11.41,light rain,0.0,0.0
57,Guerrero Negro,MX,2020-02-23 18:27:34,27.98,-114.06,63.03,61,100,18.25,overcast clouds,0.0,0.0
58,Hami,CN,2020-02-23 18:27:34,42.8,93.45,29.95,56,53,1.68,broken clouds,0.0,0.0
59,Souillac,MU,2020-02-23 18:27:35,-20.52,57.52,77.0,88,75,4.7,broken clouds,0.0,0.0
60,Kiunga,PG,2020-02-23 18:27:35,-6.12,141.29,73.8,99,100,3.69,moderate rain,3.69,0.0
61,Luderitz,NA,2020-02-23 18:26:21,-26.65,15.16,68.49,71,0,27.65,clear sky,0.0,0.0
62,Vardo,NO,2020-02-23 18:26:00,70.37,31.11,26.6,86,75,11.41,broken clouds,0.0,0.0
63,East London,ZA,2020-02-23 18:27:36,-33.02,27.91,66.2,68,20,3.36,few clouds,0.0,0.0
64,Moose Factory,CA,2020-02-23 18:27:37,51.26,-80.61,12.2,85,1,12.75,clear sky,0.0,0.0
65,Manokwari,ID,2020-02-23 18:27:37,-0.87,134.08,73.96,77,100,4.14,overcast clouds,0.0,0.0
66,Aripuana,BR,2020-02-23 18:27:37,-9.17,-60.63,82.38,88,95,1.83,moderate rain,3.31,0.0
67,Geraldton,AU,2020-02-23 18:26:17,-28.77,114.6,73.4,88,0,2.24,clear sky,0.0,0.0
68,Coihaique,CL,2020-02-23 18:27:19,-45.58,-72.07,68.0,40,52,10.29,broken clouds,0.0,0.0
69,Luanda,AO,2020-02-23 18:23:38,-8.84,13.23,82.4,74,75,9.17,broken clouds,0.0,0.0
70,Acapulco,MX,2020-02-23 18:22:39,16.86,-99.89,86.0,70,5,8.05,clear sky,0.0,0.0
71,Bredasdorp,ZA,2020-02-23 18:27:39,-34.53,20.04,66.2,59,0,12.75,clear sky,0.0,0.0
72,Ribeira Grande,PT,2020-02-23 18:27:39,38.52,-28.7,62.6,67,75,5.82,broken clouds,0.0,0.0
73,Cadiz,ES,2020-02-23 18:27:40,36.5,-5.75,64.99,45,0,4.7,clear sky,0.0,0.0
74,Itacoatiara,BR,2020-02-23 18:27:40,-3.14,-58.44,89.44,63,55,5.28,light rain,1.38,0.0
75,Saint Albans,GB,2020-02-23 18:27:40,51.75,-0.33,50.0,56,99,10.29,overcast clouds,0.0,0.0
76,Kahului,US,2020-02-23 18:27:40,20.89,-156.47,73.4,77,20,4.7,few clouds,0.0,0.0
77,Hanstholm,DK,2020-02-23 18:27:40,57.12,8.62,41.0,88,2,3.0,clear sky,0.0,0.0
78,Cabo San Lucas,MX,2020-02-23 18:23:41,22.89,-109.91,84.0,44,75,10.29,broken clouds,0.0,0.0
79,Jhang,PK,2020-02-23 18:27:41,33.67,72.7,59.0,87,4,4.7,clear sky,0.0,0.0
80,Urucui,BR,2020-02-23 18:27:41,-7.23,-44.56,83.16,67,100,3.29,overcast clouds,0.0,0.0
81,Madimba,TZ,2020-02-23 18:27:41,-10.4,40.33,82.4,83,75,9.17,broken clouds,0.0,0.0
82,Cayenne,GF,2020-02-23 18:27:42,4.93,-52.33,84.2,70,75,14.99,broken clouds,0.0,0.0
83,Teguise,ES,2020-02-23 18:27:42,29.06,-13.56,73.4,53,58,21.92,haze,0.0,0.0
84,Quelimane,MZ,2020-02-23 18:27:42,-17.88,36.89,86.0,74,20,6.93,few clouds,0.0,0.0
85,Norman Wells,CA,2020-02-23 18:25:38,65.28,-126.83,6.8,77,90,9.17,light snow,0.0,0.0
86,Bambous Virieux,MU,2020-02-23 18:26:09,-20.34,57.76,77.0,88,75,4.7,broken clouds,0.0,0.0
87,Iqaluit,CA,2020-02-23 18:27:42,63.75,-68.51,-23.01,61,20,12.75,few clouds,0.0,0.0
88,Zhigansk,RU,2020-02-23 18:27:43,66.77,123.37,-15.09,99,94,9.17,overcast clouds,0.0,0.0
89,Faya,SA,2020-02-23 18:27:18,18.39,42.45,66.2,39,72,6.93,broken clouds,0.0,0.0
90,Muros,ES,2020-02-23 18:27:43,42.78,-9.06,62.01,76,0,4.7,clear sky,0.0,0.0
91,Vostok,RU,2020-02-23 18:27:28,46.49,135.88,2.64,95,51,4.54,broken clouds,0.0,0.0
92,Port Alfred,ZA,2020-02-23 18:27:43,-33.59,26.89,63.0,79,52,8.03,broken clouds,0.0,0.0
93,Namibe,AO,2020-02-23 18:27:44,-15.2,12.15,75.15,79,93,11.72,overcast clouds,0.0,0.0
94,Alizai,PK,2020-02-23 18:27:44,33.54,70.35,53.02,61,24,1.83,few clouds,0.0,0.0
95,Tuktoyaktuk,CA,2020-02-23 18:27:45,69.45,-133.04,-5.8,76,90,13.87,light snow,0.0,0.0
96,Ust-Maya,RU,2020-02-23 18:27:45,60.42,134.53,-8.5,99,100,1.83,overcast clouds,0.0,0.0
97,Nago,JP,2020-02-23 18:27:45,26.59,127.98,62.6,71,40,3.36,scattered clouds,0.0,0.0
98,Arraial Do Cabo,BR,2020-02-23 18:27:45,-22.97,-42.03,80.6,69,75,11.41,broken clouds,0.0,0.0
99,Zaltan,LY,2020-02-23 18:27:46,32.95,11.87,58.51,65,0,3.49,clear sky,0.0,0.0
100,Lastoursville,GA,2020-02-23 18:27:46,-0.81,12.73,76.37,92,82,2.13,moderate rain,4.13,0.0
101,Constitucion,CL,2020-02-23 18:27:46,-35.33,-72.42,64.58,70,26,6.02,scattered clouds,0.0,0.0
102,Leningradskiy,RU,2020-02-23 18:27:46,69.38,178.42,-12.39,75,100,6.31,overcast clouds,0.0,0.0
103,Longyearbyen,SJ,2020-02-23 18:27:47,78.22,15.64,-2.2,64,20,9.17,few clouds,0.0,0.0
104,Nishihara,JP,2020-02-23 18:27:47,26.18,127.76,62.6,77,20,1.12,few clouds,0.0,0.0
105,Qaanaaq,GL,2020-02-23 18:27:47,77.48,-69.36,-19.57,78,24,5.01,few clouds,0.0,0.0
106,Sassandra,CI,2020-02-23 18:27:47,4.95,-6.08,83.84,78,80,9.57,light rain,0.31,0.0
107,Dukat,RU,2020-02-23 18:27:47,62.55,155.55,-14.58,99,98,1.14,overcast clouds,0.0,0.0
108,Kruisfontein,ZA,2020-02-23 18:27:48,-34.0,24.73,58.96,73,9,8.16,clear sky,0.0,0.0
109,Kaitangata,NZ,2020-02-23 18:27:48,-46.28,169.85,57.0,83,99,1.01,overcast clouds,0.0,0.0
110,Hambantota,LK,2020-02-23 18:26:27,6.12,81.12,80.06,82,95,21.3,overcast clouds,0.0,0.0
111,Upernavik,GL,2020-02-23 18:26:59,72.79,-56.15,-16.91,80,0,6.64,clear sky,0.0,0.0
112,Champerico,GT,2020-02-23 18:27:48,14.3,-91.92,91.4,46,20,6.93,few clouds,0.0,0.0
113,Coquimbo,CL,2020-02-23 18:27:48,-29.95,-71.34,68.0,64,37,12.75,scattered clouds,0.0,0.0
114,Hobyo,SO,2020-02-23 18:27:49,5.35,48.53,77.76,72,57,16.64,broken clouds,0.0,0.0
115,Mount Pleasant,US,2020-02-23 18:27:49,32.79,-79.86,63.0,22,1,4.7,clear sky,0.0,0.0
116,Mahebourg,MU,2020-02-23 18:27:50,-20.41,57.7,77.0,88,75,4.7,broken clouds,0.0,0.0
117,Christchurch,NZ,2020-02-23 18:27:50,-43.53,172.63,60.01,87,42,8.05,scattered clouds,0.0,0.0
118,Saskylakh,RU,2020-02-23 18:26:14,71.92,114.08,6.31,85,100,8.46,overcast clouds,0.0,0.0
119,Puerto Ayora,EC,2020-02-23 18:26:06,-0.74,-90.35,84.2,74,20,12.75,few clouds,0.0,0.0
120,Matay,EG,2020-02-23 18:27:51,28.42,30.78,53.47,52,79,7.72,broken clouds,0.0,0.0
121,Shache,CN,2020-02-23 18:27:51,38.42,77.24,45.99,26,55,5.48,broken clouds,0.0,0.0
122,Lavrentiya,RU,2020-02-23 18:26:05,65.58,-171.0,-9.58,77,16,5.1,few clouds,0.0,0.0
123,Rio Grande,BR,2020-02-23 18:26:26,-32.03,-52.1,78.8,47,20,17.22,few clouds,0.0,0.0
124,Havoysund,NO,2020-02-23 18:27:53,71.0,24.66,33.8,86,75,6.93,light rain and snow,0.0,0.0
125,Broome,US,2020-02-23 18:24:39,42.25,-75.83,48.99,30,1,9.17,clear sky,0.0,0.0
126,Clyde River,CA,2020-02-23 18:27:02,70.47,-68.59,-22.0,74,1,12.75,clear sky,0.0,0.0
127,Yaan,NG,2020-02-23 18:27:53,7.38,8.57,92.53,10,57,4.18,broken clouds,0.0,0.0
128,Sitka,US,2020-02-23 18:27:54,57.05,-135.33,33.8,86,90,10.29,light rain,0.0,0.0
129,Oksfjord,NO,2020-02-23 18:27:54,70.24,22.35,32.0,73,75,4.7,broken clouds,0.0,0.0
130,Husavik,IS,2020-02-23 18:27:54,66.04,-17.34,24.62,63,1,6.91,clear sky,0.0,0.0
131,Honggang,CN,2020-02-23 18:27:54,46.47,124.87,11.26,85,12,10.67,few clouds,0.0,0.0
132,Talakan,RU,2020-02-23 18:27:55,50.32,130.37,6.17,90,100,1.45,overcast clouds,0.0,0.0
133,Ostrovnoy,RU,2020-02-23 18:27:55,68.05,39.51,30.78,94,100,17.78,light snow,0.0,0.63
134,Moron,AR,2020-02-23 18:24:49,-34.65,-58.62,80.01,47,75,5.82,broken clouds,0.0,0.0
135,Comodoro Rivadavia,AR,2020-02-23 18:27:10,-45.87,-67.5,68.0,52,26,13.87,scattered clouds,0.0,0.0
136,Nokaneng,BW,2020-02-23 18:27:55,-19.67,22.27,76.5,68,77,7.65,light rain,2.0,0.0
137,Yerbogachen,RU,2020-02-23 18:27:56,61.28,108.01,12.9,94,93,8.7,overcast clouds,0.0,0.0
138,Tual,ID,2020-02-23 18:27:56,-5.67,132.75,82.9,79,82,11.81,light rain,0.81,0.0
139,Cherskiy,RU,2020-02-23 18:27:56,68.75,161.3,-25.89,91,71,6.55,broken clouds,0.0,0.0
140,Bilibino,RU,2020-02-23 18:26:12,68.05,166.44,-31.88,99,85,2.33,overcast clouds,0.0,0.0
141,Lebu,CL,2020-02-23 18:25:38,-37.62,-73.65,69.19,57,2,9.35,clear sky,0.0,0.0
142,Nikolskoye,RU,2020-02-23 18:27:57,59.7,30.79,37.4,90,75,8.95,broken clouds,0.0,0.0
143,Victoria,HK,2020-02-23 18:24:18,22.29,114.16,69.01,63,66,18.34,broken clouds,0.0,0.0
144,Thompson,CA,2020-02-23 18:24:44,55.74,-97.86,14.0,66,90,5.82,overcast clouds,0.0,0.0
145,Tiksi,RU,2020-02-23 18:24:05,71.69,128.87,-9.99,88,100,7.81,overcast clouds,0.0,0.0
146,Rivadavia,AR,2020-02-23 18:27:57,-33.19,-68.46,82.4,32,0,8.05,clear sky,0.0,0.0
147,Cape Town,ZA,2020-02-23 18:27:57,-33.93,18.42,73.0,49,0,21.92,clear sky,0.0,0.0
148,Ponta Do Sol,PT,2020-02-23 18:26:37,32.67,-17.1,70.0,52,20,18.34,few clouds,0.0,0.0
149,Lagos,NG,2020-02-23 18:23:31,6.58,3.75,87.8,74,33,4.7,scattered clouds,0.0,0.0
150,Grootfontein,NA,2020-02-23 18:27:58,-19.57,18.12,70.56,74,96,4.05,light rain,2.0,0.0
151,Grand Gaube,MU,2020-02-23 18:27:25,-20.01,57.66,77.0,88,75,4.7,broken clouds,0.0,0.0
152,Palmer,US,2020-02-23 18:27:59,42.16,-72.33,54.0,27,20,11.41,few clouds,0.0,0.0
153,Kodiak,US,2020-02-23 18:27:59,57.79,-152.41,19.4,37,1,28.86,clear sky,0.0,0.0
154,Umm Lajj,SA,2020-02-23 18:27:59,25.02,37.27,64.33,51,100,7.27,overcast clouds,0.0,0.0
155,Gizo,SB,2020-02-23 18:27:59,-8.1,156.84,77.25,90,54,5.26,light rain,0.63,0.0
156,Atar,MR,2020-02-23 18:28:00,20.52,-13.05,92.32,8,100,7.14,overcast clouds,0.0,0.0
157,Bethel,US,2020-02-23 18:28:00,41.37,-73.41,54.0,29,1,10.29,clear sky,0.0,0.0
158,Abu Samrah,SY,2020-02-23 18:28:00,35.3,37.18,53.82,63,63,6.82,broken clouds,0.0,0.0
159,Fortuna,US,2020-02-23 18:28:00,40.6,-124.16,53.01,76,75,3.24,broken clouds,0.0,0.0
160,Ixtapa,MX,2020-02-23 18:26:40,20.7,-105.2,80.6,69,40,9.17,scattered clouds,0.0,0.0
161,Okhotsk,RU,2020-02-23 18:28:01,59.38,143.3,-14.03,84,0,5.75,clear sky,0.0,0.0
162,Camacha,PT,2020-02-23 18:26:21,33.08,-16.33,68.0,72,20,19.46,few clouds,0.0,0.0
163,Etropole,BG,2020-02-23 18:27:57,42.83,24.0,41.0,60,99,2.24,overcast clouds,0.0,0.0
164,Faanui,PF,2020-02-23 18:26:57,-16.48,-151.75,82.67,70,66,10.54,broken clouds,0.0,0.0
165,Osoyoos,CA,2020-02-23 18:28:02,49.03,-119.45,37.4,74,90,5.82,light snow,0.0,0.0
166,Nantucket,US,2020-02-23 18:27:43,41.28,-70.1,51.8,70,1,11.41,clear sky,0.0,0.0
167,Diffa,NE,2020-02-23 18:28:02,13.32,12.61,78.84,13,0,10.8,clear sky,0.0,0.0
168,Nabire,ID,2020-02-23 18:25:06,-3.37,135.48,73.08,98,100,0.76,moderate rain,4.88,0.0
169,Carnarvon,AU,2020-02-23 18:25:53,-24.87,113.63,75.2,88,40,8.05,scattered clouds,0.0,0.0
170,Kalnciems,LV,2020-02-23 18:28:03,56.8,23.61,39.2,80,20,9.17,few clouds,0.0,0.0
171,Alofi,NU,2020-02-23 18:28:03,-19.06,-169.92,80.6,88,100,5.82,light rain,2.94,0.0
172,Morlaix,FR,2020-02-23 18:28:03,48.58,-4.0,53.6,93,90,14.99,light intensity drizzle,0.0,0.0
173,Dikson,RU,2020-02-23 18:28:04,73.51,80.55,30.27,95,100,27.36,snow,0.0,1.75
174,Laguna,US,2020-02-23 18:28:04,38.42,-121.42,59.0,76,75,10.29,broken clouds,0.0,0.0
175,Egvekinot,RU,2020-02-23 18:28:04,66.32,-179.17,-31.85,92,1,2.21,clear sky,0.0,0.0
176,Dumai,ID,2020-02-23 18:28:04,1.68,101.45,75.63,85,40,4.59,scattered clouds,0.0,0.0
177,Dubrovnik,HR,2020-02-23 18:24:51,42.65,18.09,46.4,75,93,2.21,overcast clouds,0.0,0.0
178,Udachnyy,RU,2020-02-23 18:26:56,66.42,112.4,3.2,84,100,4.47,overcast clouds,0.0,0.0
179,Sur,OM,2020-02-23 18:28:05,22.57,59.53,71.22,68,0,1.36,clear sky,0.0,0.0
180,Avarua,CK,2020-02-23 18:28:05,-21.21,-159.78,80.6,94,100,5.82,moderate rain,0.0,0.0
181,Ugoofaaru,MV,2020-02-23 18:28:05,5.67,73.0,83.39,76,92,20.8,overcast clouds,0.0,0.0
182,Manali,IN,2020-02-23 18:28:05,13.17,80.27,81.0,78,40,4.7,mist,0.0,0.0
183,Kisangani,CD,2020-02-23 18:28:06,0.52,25.2,81.45,56,32,1.95,scattered clouds,0.0,0.0
184,Broken Hill,AU,2020-02-23 18:27:50,-31.95,141.43,69.8,64,18,16.11,few clouds,0.0,0.0
185,Margate,GB,2020-02-23 18:25:51,51.38,1.39,48.99,72,20,10.29,few clouds,0.0,0.0
186,Saint-Joseph,RE,2020-02-23 18:28:06,-21.37,55.62,77.0,78,0,3.36,clear sky,0.0,0.0
187,Evensk,RU,2020-02-23 18:28:07,61.95,159.23,-3.8,96,100,5.84,light snow,0.0,0.25
188,Half Moon Bay,US,2020-02-23 18:28:07,37.46,-122.43,57.99,71,75,19.46,broken clouds,0.0,0.0
189,Potiskum,NG,2020-02-23 18:28:07,11.71,11.07,81.25,13,0,12.12,clear sky,0.0,0.0
190,Corbeanca,RO,2020-02-23 18:28:07,44.6,26.05,50.0,65,98,5.82,overcast clouds,0.0,0.0
191,Chifeng,CN,2020-02-23 18:28:07,42.27,118.96,24.33,75,54,1.68,broken clouds,0.0,0.0
192,Aktau,KZ,2020-02-23 18:28:07,43.65,51.2,42.8,93,90,4.47,overcast clouds,0.0,0.0
193,Minbu,MM,2020-02-23 18:28:08,20.18,94.88,71.85,38,44,2.95,scattered clouds,0.0,0.0
194,Izacic,BA,2020-02-23 18:28:08,44.88,15.78,55.0,57,100,1.01,overcast clouds,0.0,0.0
195,Kalmunai,LK,2020-02-23 18:28:08,7.42,81.82,81.18,79,41,18.1,light rain,0.25,0.0
196,Izhma,RU,2020-02-23 18:28:08,65.01,53.91,29.19,84,100,17.92,overcast clouds,0.0,0.0
197,Beitbridge,ZW,2020-02-23 18:28:08,-22.22,30.0,70.7,72,41,36.89,scattered clouds,0.0,0.0
198,Mount Isa,AU,2020-02-23 18:28:09,-20.73,139.5,80.6,74,40,11.41,scattered clouds,0.0,0.0
199,Naze,JP,2020-02-23 18:28:09,28.37,129.48,51.8,81,0,4.7,clear sky,0.0,0.0
200,Senanga,ZM,2020-02-23 18:28:09,-16.12,23.27,74.19,80,100,6.76,overcast clouds,0.0,0.0
201,Villamontes,BO,2020-02-23 18:28:09,-21.25,-63.5,84.36,27,0,7.07,clear sky,0.0,0.0
202,College,US,2020-02-23 18:28:09,64.86,-147.8,-4.0,83,20,0.98,few clouds,0.0,0.0
203,Torrington,US,2020-02-23 18:28:09,41.8,-73.12,54.0,31,1,5.82,clear sky,0.0,0.0
204,Chuy,UY,2020-02-23 18:28:10,-33.7,-53.46,71.78,59,66,4.61,broken clouds,0.0,0.0
205,Marsa Matruh,EG,2020-02-23 18:28:10,31.35,27.25,51.8,76,75,8.05,broken clouds,0.0,0.0
206,Porto Velho,BR,2020-02-23 18:28:10,-8.76,-63.9,78.8,83,90,2.24,overcast clouds,0.0,0.0
207,Bengkulu,ID,2020-02-23 18:28:10,-3.8,102.27,74.64,90,15,4.23,few clouds,0.0,0.0
208,Ballina,AU,2020-02-23 18:28:11,-28.87,153.57,68.0,100,100,6.93,moderate rain,4.63,0.0
209,Makakilo City,US,2020-02-23 18:27:07,21.35,-158.09,75.2,100,1,0.45,clear sky,0.0,0.0
210,Port Macquarie,AU,2020-02-23 18:28:11,-31.43,152.92,68.0,94,75,4.7,broken clouds,0.0,0.0
211,Ginda,IN,2020-02-23 18:28:11,30.69,78.49,43.23,75,39,5.26,scattered clouds,0.0,0.0
212,Saryg-Sep,RU,2020-02-23 18:28:11,51.5,95.6,12.81,96,100,0.78,light snow,0.0,0.13
213,Maniitsoq,GL,2020-02-23 18:28:12,65.42,-52.9,13.62,56,93,8.01,overcast clouds,0.0,0.0
214,Petropavlovsk-Kamchatskiy,RU,2020-02-23 18:24:29,53.05,158.65,17.6,61,75,13.42,broken clouds,0.0,0.0
215,Irbeyskoye,RU,2020-02-23 18:28:12,55.64,95.45,8.73,98,74,0.76,broken clouds,0.0,0.0
216,Ndjole,GA,2020-02-23 18:28:12,-0.18,10.76,76.35,93,55,2.68,moderate rain,5.06,0.0
217,Klaksvik,FO,2020-02-23 18:28:12,62.23,-6.59,37.4,74,80,23.04,light snow,0.0,0.69
218,Asau,RO,2020-02-23 18:28:12,46.43,26.4,46.4,61,100,10.29,overcast clouds,0.0,0.0
219,Nortelandia,BR,2020-02-23 18:28:13,-14.45,-56.8,79.7,79,96,4.34,overcast clouds,0.0,0.0
220,Chokurdakh,RU,2020-02-23 18:28:13,70.63,147.92,-22.4,99,96,3.74,overcast clouds,0.0,0.0
221,Madhoganj,IN,2020-02-23 18:28:13,27.12,80.15,65.37,64,9,6.08,clear sky,0.0,0.0
222,Lapa,BR,2020-02-23 18:28:13,-25.77,-49.72,73.99,60,75,9.17,broken clouds,0.0,0.0
223,Bandundu,CD,2020-02-23 18:27:51,-3.32,17.37,79.39,81,94,5.84,light rain,1.81,0.0
224,Casablanca,MA,2020-02-23 18:28:14,33.59,-7.62,71.6,40,0,4.7,clear sky,0.0,0.0
225,Viedma,AR,2020-02-23 18:27:04,-40.81,-63.0,89.35,21,0,20.98,clear sky,0.0,0.0
226,Kavaratti,IN,2020-02-23 18:28:14,10.57,72.64,82.09,73,94,5.03,overcast clouds,0.0,0.0
227,Chagoda,RU,2020-02-23 18:28:14,59.16,35.33,33.33,97,97,9.93,light snow,0.0,0.12
228,Tessalit,ML,2020-02-23 18:28:14,20.2,1.01,81.7,11,27,7.14,scattered clouds,0.0,0.0
229,Dudinka,RU,2020-02-23 18:27:00,69.41,86.18,14.0,92,75,29.08,shower snow,0.0,0.0
230,Vila Franca Do Campo,PT,2020-02-23 18:25:46,37.72,-25.43,60.8,87,20,8.05,few clouds,0.0,0.0
231,Saint-Louis,SN,2020-02-23 18:28:15,16.33,-15.0,87.8,25,98,7.49,overcast clouds,0.0,0.0
232,Severo-Kurilsk,RU,2020-02-23 18:28:15,50.68,156.12,23.5,96,100,37.63,snow,0.0,3.06
233,Tongliao,CN,2020-02-23 18:28:15,43.61,122.27,25.3,64,0,5.59,clear sky,0.0,0.0
234,Cairns,AU,2020-02-23 18:28:16,-16.92,145.77,79.0,94,75,6.93,moderate rain,0.0,0.0
235,Castro,BR,2020-02-23 18:28:16,-24.79,-50.01,79.45,39,100,1.3,overcast clouds,0.0,0.0
236,Nucsoara,RO,2020-02-23 18:28:16,45.33,24.78,46.99,62,100,4.21,overcast clouds,0.0,0.0
237,Ilulissat,GL,2020-02-23 18:28:16,69.22,-51.1,-0.4,49,0,2.24,clear sky,0.0,0.0
238,Portland,US,2020-02-23 18:27:13,45.52,-122.68,48.2,66,75,20.8,light rain,0.0,0.0
239,Tonkino,RU,2020-02-23 18:28:17,57.37,46.46,31.03,93,100,17.16,light snow,0.0,1.0
240,Lasa,IT,2020-02-23 18:28:17,46.62,10.7,50.0,61,40,5.82,scattered clouds,0.0,0.0
241,Tautira,PF,2020-02-23 18:28:17,-17.73,-149.15,84.2,70,20,2.24,few clouds,0.0,0.0
242,Mehriz,IR,2020-02-23 18:28:17,31.59,54.43,53.6,25,12,6.93,few clouds,0.0,0.0
243,Haimen,CN,2020-02-23 18:28:17,23.19,116.61,59.0,77,21,2.24,few clouds,0.0,0.0
244,Port Arthur,CN,2020-02-23 18:28:18,38.8,121.27,41.0,75,50,2.24,scattered clouds,0.0,0.0
245,Riyadh,SA,2020-02-23 18:25:59,24.69,46.72,75.2,47,82,5.82,broken clouds,0.0,0.0
246,Rawson,AR,2020-02-23 18:25:50,-43.3,-65.1,61.97,80,0,18.25,clear sky,0.0,0.0
247,Honiara,SB,2020-02-23 18:28:18,-9.43,159.95,77.0,94,20,2.24,few clouds,0.0,0.0
248,Chimore,BO,2020-02-23 18:25:57,-16.98,-65.13,88.83,43,29,2.24,scattered clouds,0.0,0.0
249,Manjeshwar,IN,2020-02-23 18:28:18,12.72,74.89,80.6,74,50,4.16,scattered clouds,0.0,0.0
250,New Norfolk,AU,2020-02-23 18:28:19,-42.78,147.06,57.2,76,97,4.7,overcast clouds,0.0,0.0
251,Esperance,AU,2020-02-23 18:28:19,-33.87,121.9,66.2,88,75,8.05,broken clouds,0.0,0.0
252,Alta Floresta,BR,2020-02-23 18:28:19,-9.88,-56.09,80.6,88,90,3.36,light rain,0.0,0.0
253,Bandarbeyla,SO,2020-02-23 18:28:19,9.49,50.81,78.4,76,86,16.78,overcast clouds,0.0,0.0
254,Domoni,KM,2020-02-23 18:28:19,-12.26,44.53,85.59,71,100,5.66,light rain,1.56,0.0
255,Pinheiro Machado,BR,2020-02-23 18:28:20,-31.58,-53.38,73.0,51,0,8.86,clear sky,0.0,0.0
256,Damaturu,NG,2020-02-23 18:28:20,11.75,11.96,81.09,13,0,12.48,clear sky,0.0,0.0
257,Pandan,PH,2020-02-23 18:28:20,14.05,124.17,79.18,81,4,20.22,light rain,0.31,0.0
258,Kavieng,PG,2020-02-23 18:28:20,-2.57,150.8,84.34,72,49,11.52,scattered clouds,0.0,0.0
259,Dingle,PH,2020-02-23 18:25:59,11.0,122.67,72.12,92,27,10.04,light rain,0.38,0.0
260,Geelong,AU,2020-02-23 18:28:21,-38.15,144.36,64.99,100,44,1.32,scattered clouds,0.0,0.0
261,Aklavik,CA,2020-02-23 18:28:21,68.22,-135.01,-4.0,76,75,6.93,broken clouds,0.0,0.0
262,Zyryanovsk,KZ,2020-02-23 18:28:21,49.74,84.27,14.9,96,100,1.88,light snow,0.0,0.25
263,Katsuura,JP,2020-02-23 18:28:21,35.13,140.3,44.6,39,20,10.29,few clouds,0.0,0.0
264,Lebowakgomo,ZA,2020-02-23 18:28:21,-24.2,29.5,64.4,82,75,6.93,broken clouds,0.0,0.0
265,Coahuayana,MX,2020-02-23 18:27:12,18.73,-103.68,80.6,57,5,5.93,clear sky,0.0,0.0
266,Karaton,ID,2020-02-23 18:28:22,-6.34,106.1,80.6,83,40,12.75,scattered clouds,0.0,0.0
267,Ulladulla,AU,2020-02-23 18:28:22,-35.35,150.47,66.2,77,92,5.82,overcast clouds,0.0,0.0
268,Manta,EC,2020-02-23 18:28:22,-0.95,-80.73,84.2,74,40,6.93,scattered clouds,0.0,0.0
269,Kupino,RU,2020-02-23 18:28:22,54.37,77.3,13.28,97,88,4.18,overcast clouds,0.0,0.0
270,Komsomolskiy,UZ,2020-02-23 18:27:42,40.43,71.72,50.0,76,90,4.7,mist,0.0,0.0
271,Pisco,PE,2020-02-23 18:28:23,-13.7,-76.22,78.01,30,40,10.29,scattered clouds,0.0,0.0
272,Lata,PT,2020-02-23 18:28:23,40.16,-8.33,64.4,52,0,2.24,clear sky,0.0,0.0
273,Great Bend,US,2020-02-23 18:28:23,38.36,-98.76,46.4,93,90,8.05,moderate rain,0.0,0.0
274,Along,IN,2020-02-23 18:28:23,28.17,94.77,56.34,82,33,4.68,light rain,0.25,0.0
275,Mitsamiouli,KM,2020-02-23 18:28:23,-11.38,43.28,82.4,83,20,2.24,few clouds,0.0,0.0
276,Tura,IN,2020-02-23 18:28:24,25.52,90.22,68.13,48,0,4.05,clear sky,0.0,0.0
277,Balkhash,KZ,2020-02-23 18:28:24,46.84,74.98,12.63,86,8,12.55,clear sky,0.0,0.0
278,Newnan,US,2020-02-23 18:28:24,33.38,-84.8,59.0,30,1,5.82,clear sky,0.0,0.0
279,Marshall,US,2020-02-23 18:28:25,34.38,-86.33,54.0,37,90,11.41,overcast clouds,0.0,0.0
280,Funadhoo,MV,2020-02-23 18:28:26,6.15,73.27,82.74,75,93,14.76,overcast clouds,0.0,0.0
281,Imbituba,BR,2020-02-23 18:28:27,-28.24,-48.67,77.0,69,40,11.41,scattered clouds,0.0,0.0
282,Rocha,UY,2020-02-23 18:27:18,-34.48,-54.33,79.59,36,0,6.46,clear sky,0.0,0.0
283,Bujaru,BR,2020-02-23 18:28:27,-1.51,-48.04,87.8,62,75,8.05,broken clouds,0.0,0.0
284,Hamilton,US,2020-02-23 18:26:20,39.18,-84.53,50.0,39,90,9.17,overcast clouds,0.0,0.0
285,Emilio Carranza,MX,2020-02-23 18:28:27,19.97,-96.61,74.86,74,12,24.65,few clouds,0.0,0.0
286,San Patricio,MX,2020-02-23 18:26:46,19.22,-104.7,84.2,74,5,11.41,clear sky,0.0,0.0
287,Shaunavon,CA,2020-02-23 18:28:28,49.65,-108.42,24.84,81,68,7.96,broken clouds,0.0,0.0
288,Antsohihy,MG,2020-02-23 18:28:28,-14.88,47.99,76.77,91,100,2.28,overcast clouds,0.0,0.0
289,Flin Flon,CA,2020-02-23 18:28:28,54.77,-101.86,30.2,74,90,8.05,overcast clouds,0.0,0.0
290,Vossevangen,NO,2020-02-23 18:28:28,60.62,6.42,18.79,94,54,4.81,broken clouds,0.0,0.0
291,Rocky Mountain House,CA,2020-02-23 18:28:28,52.37,-114.92,23.47,85,98,6.13,overcast clouds,0.0,0.0
292,Acajutla,SV,2020-02-23 18:28:29,13.59,-89.83,89.6,31,0,4.7,clear sky,0.0,0.0
293,Cidreira,BR,2020-02-23 18:28:30,-30.18,-50.21,71.91,62,1,12.26,clear sky,0.0,0.0
294,Narsaq,GL,2020-02-23 18:28:30,60.92,-46.05,24.8,58,100,5.82,snow,0.0,1.81
295,Mokhsogollokh,RU,2020-02-23 18:28:30,61.47,128.92,-7.62,95,95,3.24,overcast clouds,0.0,0.0
296,Vila,PT,2020-02-23 18:28:30,42.03,-8.16,66.0,72,0,3.36,clear sky,0.0,0.0
297,Korla,CN,2020-02-23 18:28:30,41.76,86.15,28.15,43,14,1.12,few clouds,0.0,0.0
298,Kaihua,CN,2020-02-23 18:28:31,23.37,104.28,47.48,97,21,4.61,few clouds,0.0,0.0
299,Namie,JP,2020-02-23 18:28:31,37.48,141.0,39.99,78,19,3.51,few clouds,0.0,0.0
300,Mandal,IN,2020-02-23 18:28:31,25.45,74.57,64.98,47,0,5.88,clear sky,0.0,0.0
301,Tuskegee,US,2020-02-23 18:28:32,32.42,-85.69,57.99,37,1,3.65,clear sky,0.0,0.0
302,Havre-Saint-Pierre,CA,2020-02-23 18:28:32,50.23,-63.6,32.0,89,90,12.75,overcast clouds,0.0,0.0
303,Mucuri,BR,2020-02-23 18:28:32,-18.09,-39.55,79.57,81,100,11.86,light rain,0.19,0.0
304,Altamira,BR,2020-02-23 18:27:44,-3.2,-52.21,80.6,88,75,3.36,broken clouds,0.0,0.0
305,Iquique,CL,2020-02-23 18:23:51,-20.22,-70.14,78.8,57,98,9.17,overcast clouds,0.0,0.0
306,Tambura,SS,2020-02-23 18:28:33,5.6,27.47,82.38,18,0,4.25,clear sky,0.0,0.0
307,Trollhattan,SE,2020-02-23 18:28:33,58.23,12.42,43.0,75,20,9.17,few clouds,0.0,0.0
308,Srandakan,ID,2020-02-23 18:27:25,-7.94,110.25,76.17,81,34,2.77,scattered clouds,0.0,0.0
309,Majene,ID,2020-02-23 18:28:33,-3.54,118.97,77.07,89,99,3.4,light rain,0.38,0.0
310,Lobito,AO,2020-02-23 18:28:33,-12.35,13.55,80.51,75,67,4.21,broken clouds,0.0,0.0
311,Sao Joao Da Boa Vista,BR,2020-02-23 18:28:34,-21.97,-46.8,82.4,64,75,3.65,broken clouds,0.0,0.0
312,Otradnaya,RU,2020-02-23 18:28:34,44.39,41.52,33.01,8,100,5.99,overcast clouds,0.0,0.0
313,Urusha,RU,2020-02-23 18:28:34,54.05,122.9,1.58,89,93,3.29,overcast clouds,0.0,0.0
314,Jacmel,HT,2020-02-23 18:28:34,18.23,-72.53,82.4,65,75,11.41,broken clouds,0.0,0.0
315,Khasan,RU,2020-02-23 18:28:35,42.43,130.64,30.34,54,98,3.44,overcast clouds,0.0,0.0
316,Oskaloosa,US,2020-02-23 18:28:35,41.3,-92.64,55.4,37,64,6.06,broken clouds,0.0,0.0
317,Westport,US,2020-02-23 18:28:36,41.14,-73.36,54.0,39,1,13.87,clear sky,0.0,0.0
318,Pevek,RU,2020-02-23 18:28:36,69.7,170.31,-11.27,98,100,1.92,light snow,0.0,0.13
319,Bonthe,SL,2020-02-23 18:28:36,7.53,-12.51,84.92,69,19,13.18,few clouds,0.0,0.0
320,Kitimat,CA,2020-02-23 18:28:36,54.05,-128.65,33.8,69,90,18.34,overcast clouds,0.0,0.0
321,Ambon,ID,2020-02-23 18:28:36,-3.7,128.18,81.36,82,67,13.04,moderate rain,3.25,0.0
322,Puerto Colombia,CO,2020-02-23 18:28:37,10.99,-74.95,89.6,55,20,6.93,few clouds,0.0,0.0
323,Hemsedal,NO,2020-02-23 18:28:37,60.86,8.55,21.99,68,3,3.0,clear sky,0.0,0.0
324,Staunton,US,2020-02-23 18:28:37,38.15,-79.07,59.0,14,1,5.82,clear sky,0.0,0.0
325,Alyangula,AU,2020-02-23 18:28:37,-13.85,136.42,86.0,70,90,6.93,overcast clouds,0.0,0.0
326,Mount Gambier,AU,2020-02-23 18:25:14,-37.83,140.77,57.2,93,96,9.17,overcast clouds,0.0,0.0
327,Brigantine,US,2020-02-23 18:28:38,39.41,-74.36,55.4,16,1,8.05,clear sky,0.0,0.0
328,Nemuro,JP,2020-02-23 18:28:38,43.32,145.57,28.53,78,58,22.68,broken clouds,0.0,0.0
329,George Town,MY,2020-02-23 18:27:32,5.41,100.34,80.6,83,40,4.16,scattered clouds,0.0,0.0
330,San,ML,2020-02-23 18:28:38,13.3,-4.9,97.27,7,3,11.07,clear sky,0.0,0.0
331,Meulaboh,ID,2020-02-23 18:28:38,4.14,96.13,83.59,71,20,4.21,few clouds,0.0,0.0
332,Maralal,KE,2020-02-23 18:28:39,1.1,36.7,69.46,62,17,19.13,few clouds,0.0,0.0
333,Teknaf,BD,2020-02-23 18:28:39,20.86,92.31,60.57,58,0,1.74,clear sky,0.0,0.0
334,Sechura,PE,2020-02-23 18:28:39,-5.56,-80.82,75.51,78,43,10.96,scattered clouds,0.0,0.0
335,Panama City,PA,2020-02-23 18:24:23,8.99,-79.52,91.4,46,40,18.34,scattered clouds,0.0,0.0
336,Maryborough,AU,2020-02-23 18:28:41,-25.53,152.7,75.99,80,96,5.19,light rain,0.31,0.0
337,Kazachinskoye,RU,2020-02-23 18:28:41,57.7,93.28,14.4,95,96,3.06,overcast clouds,0.0,0.0
338,Wanning,CN,2020-02-23 18:28:41,18.8,110.4,68.9,90,57,8.05,light rain,0.94,0.0
339,Kars,TR,2020-02-23 18:28:41,40.6,43.09,32.0,86,40,5.82,scattered clouds,0.0,0.0
340,Touros,BR,2020-02-23 18:28:42,-5.2,-35.46,87.8,62,78,14.99,broken clouds,0.0,0.0
341,Fengzhen,CN,2020-02-23 18:28:42,40.44,113.15,27.81,61,26,1.43,scattered clouds,0.0,0.0
342,Saint-Pierre,RE,2020-02-23 18:28:42,-21.34,55.48,77.0,78,0,3.36,clear sky,0.0,0.0
343,Peniche,PT,2020-02-23 18:28:16,39.36,-9.38,71.01,52,0,2.24,clear sky,0.0,0.0
344,Bull Savanna,JM,2020-02-23 18:28:42,17.89,-77.59,79.86,62,20,4.41,light rain,0.38,0.0
345,Ljungby,SE,2020-02-23 18:28:43,56.83,13.94,41.0,86,75,11.41,broken clouds,0.0,0.0
346,The Valley,AI,2020-02-23 18:27:47,18.22,-63.06,86.0,58,20,3.36,few clouds,0.0,0.0
347,Los Llanos De Aridane,ES,2020-02-23 18:28:43,28.66,-17.92,73.4,56,90,12.75,haze,0.0,0.0
348,Sistranda,NO,2020-02-23 18:28:43,63.73,8.83,35.6,67,75,20.8,shower rain,0.0,0.0
349,Yulara,AU,2020-02-23 18:28:44,-25.24,130.99,77.0,17,0,6.93,clear sky,0.0,0.0
350,Palana,RU,2020-02-23 18:28:44,59.12,159.97,3.15,67,100,5.48,overcast clouds,0.0,0.0
351,Isangel,VU,2020-02-23 18:27:23,-19.55,169.27,69.8,94,20,13.98,few clouds,0.0,0.0
352,Linxia,CN,2020-02-23 18:28:44,35.6,103.21,34.18,51,87,1.16,overcast clouds,0.0,0.0
353,Porterville,US,2020-02-23 18:24:44,36.07,-119.02,57.99,71,1,7.54,clear sky,0.0,0.0
354,Miracema Do Tocantins,BR,2020-02-23 18:28:45,-9.56,-48.4,89.91,58,100,2.08,light rain,1.19,0.0
355,Salalah,OM,2020-02-23 18:28:45,17.02,54.09,77.0,73,0,3.36,clear sky,0.0,0.0
356,Borba,BR,2020-02-23 18:28:45,-4.39,-59.59,90.21,56,91,5.93,light rain,1.62,0.0
357,Alfredo Chaves,BR,2020-02-23 18:27:35,-20.64,-40.75,78.8,69,90,17.22,overcast clouds,0.0,0.0
358,Lagoa,PT,2020-02-23 18:28:46,39.05,-27.98,60.24,78,15,11.54,few clouds,0.0,0.0
359,Tazovskiy,RU,2020-02-23 18:28:46,67.47,78.7,27.97,90,100,18.1,overcast clouds,0.0,0.0
360,Gorontalo,ID,2020-02-23 18:28:46,0.54,123.06,73.83,91,42,4.07,light rain,0.13,0.0
361,Carauari,BR,2020-02-23 18:28:46,-4.88,-66.9,80.1,80,94,4.29,light rain,0.75,0.0
362,Sinjai,ID,2020-02-23 18:28:46,-5.12,120.25,84.09,72,33,0.72,scattered clouds,0.0,0.0
363,Lewiston,US,2020-02-23 18:28:47,44.1,-70.21,46.99,41,1,4.7,clear sky,0.0,0.0
364,Shebalino,RU,2020-02-23 18:28:47,51.29,85.68,11.98,96,100,0.92,light snow,0.0,0.19
365,Kirya,TZ,2020-02-23 18:28:47,-3.92,37.48,79.38,64,56,11.23,broken clouds,0.0,0.0
366,Sokoni,TZ,2020-02-23 18:28:47,-6.43,39.55,84.2,79,20,11.41,few clouds,0.0,0.0
367,Yumen,CN,2020-02-23 18:28:48,40.28,97.2,32.5,40,84,21.41,broken clouds,0.0,0.0
368,Gravdal,NO,2020-02-23 18:28:48,68.12,13.5,33.8,86,90,35.57,overcast clouds,0.0,0.0
369,Fort Nelson,CA,2020-02-23 18:28:48,58.81,-122.7,15.8,61,20,1.63,few clouds,0.0,0.0
370,Rambha,IN,2020-02-23 18:28:48,19.52,85.1,68.81,77,0,3.06,clear sky,0.0,0.0
371,Vanavara,RU,2020-02-23 18:28:48,60.34,102.28,14.13,95,97,6.98,overcast clouds,0.0,0.0
372,Kupang,ID,2020-02-23 18:28:49,-10.17,123.58,83.73,79,50,11.65,scattered clouds,0.0,0.0
373,Uray,RU,2020-02-23 18:28:49,60.12,64.78,27.57,90,91,11.83,overcast clouds,0.0,0.0
374,Matagami,CA,2020-02-23 18:28:49,49.75,-77.63,35.6,55,1,5.82,clear sky,0.0,0.0
375,Sundumbili,ZA,2020-02-23 18:28:49,-29.13,31.4,66.2,82,75,8.05,broken clouds,0.0,0.0
376,Keti Bandar,PK,2020-02-23 18:28:49,24.14,67.45,73.2,60,0,10.4,clear sky,0.0,0.0
377,Lucena,PH,2020-02-23 18:28:50,13.93,121.62,78.01,87,65,5.01,light rain,0.56,0.0
378,Jimo,CN,2020-02-23 18:28:50,36.39,120.46,46.99,75,0,11.18,clear sky,0.0,0.0
379,Eston,CA,2020-02-23 18:28:51,51.15,-108.75,21.99,67,75,6.93,broken clouds,0.0,0.0
380,Biltine,TD,2020-02-23 18:28:51,14.53,20.92,77.99,11,0,11.72,clear sky,0.0,0.0
381,Morales,CO,2020-02-23 18:28:51,2.76,-76.62,81.41,57,65,3.6,broken clouds,0.0,0.0
382,Maragogi,BR,2020-02-23 18:24:35,-9.01,-35.22,82.22,75,13,10.71,few clouds,0.0,0.0
383,Vao,NC,2020-02-23 18:28:52,-22.67,167.48,77.65,76,83,14.32,broken clouds,0.0,0.0
384,Malakal,SS,2020-02-23 18:28:52,9.53,31.66,86.81,11,12,4.74,few clouds,0.0,0.0
385,Bauchi,NG,2020-02-23 18:28:52,10.5,10.0,82.51,12,22,8.01,few clouds,0.0,0.0
386,Port Hedland,AU,2020-02-23 18:28:52,-20.32,118.57,80.6,83,81,9.17,broken clouds,0.0,0.0
387,Airai,TL,2020-02-23 18:26:51,-8.93,125.41,66.96,87,74,4.16,broken clouds,0.0,0.0
388,Riberalta,BO,2020-02-23 18:28:53,-10.98,-66.1,82.72,56,95,4.32,overcast clouds,0.0,0.0
389,Mitchell,US,2020-02-23 18:28:53,43.71,-98.03,39.2,64,1,14.99,clear sky,0.0,0.0
390,Srednekolymsk,RU,2020-02-23 18:26:22,67.45,153.68,-25.64,100,83,1.19,broken clouds,0.0,0.0
391,Melfort,CA,2020-02-23 18:28:53,52.87,-104.62,26.6,68,1,5.82,clear sky,0.0,0.0
392,Varkkallai,IN,2020-02-23 18:28:53,8.73,76.71,82.4,74,40,5.82,haze,0.0,0.0
393,Vallenar,CL,2020-02-23 18:28:53,-28.57,-70.76,74.7,46,0,13.47,clear sky,0.0,0.0
394,Chicama,PE,2020-02-23 18:28:54,-7.84,-79.15,73.4,88,75,6.93,haze,0.0,0.0
395,Whitehorse,CA,2020-02-23 18:28:54,60.72,-135.05,15.01,78,75,2.24,shower rain,0.0,0.0
396,Pozo Colorado,PY,2020-02-23 18:28:54,-23.49,-58.8,99.32,12,0,1.72,clear sky,0.0,0.0
397,Olinda,BR,2020-02-23 18:28:56,-8.01,-34.86,87.8,66,41,9.17,scattered clouds,0.0,0.0
398,Bahia Blanca,AR,2020-02-23 18:25:19,-38.72,-62.27,87.3,20,0,18.63,clear sky,0.0,0.0
399,Rochegda,RU,2020-02-23 18:28:56,62.8,43.25,32.54,97,100,12.48,light snow,0.0,0.56
400,Hearst,CA,2020-02-23 18:28:56,49.68,-83.67,32.74,88,100,7.56,overcast clouds,0.0,0.0
401,Vanimo,PG,2020-02-23 18:27:26,-2.67,141.3,82.33,80,100,18.84,light rain,1.37,0.0
402,Luganville,VU,2020-02-23 18:28:57,-15.53,167.17,78.8,83,40,5.82,scattered clouds,0.0,0.0
403,Beisfjord,NO,2020-02-23 18:27:37,68.38,17.6,35.01,98,75,12.75,broken clouds,0.0,0.0
404,Pangnirtung,CA,2020-02-23 18:28:57,66.15,-65.71,-31.0,59,20,4.7,few clouds,0.0,0.0
405,Concepcion Del Uruguay,AR,2020-02-23 18:28:57,-32.48,-58.24,80.01,45,0,1.99,clear sky,0.0,0.0
406,Moussoro,TD,2020-02-23 18:28:58,13.64,16.49,80.11,11,0,14.14,clear sky,0.0,0.0
407,Lang Son,VN,2020-02-23 18:28:58,21.83,106.73,58.93,76,0,3.13,clear sky,0.0,0.0
408,Clarence Town,AU,2020-02-23 18:24:22,-32.58,151.78,70.0,82,100,2.46,overcast clouds,0.0,0.0
409,Puerto Leguizamo,CO,2020-02-23 18:28:58,-0.19,-74.78,83.25,70,100,7.07,light rain,1.63,0.0
410,Cockburn Town,TC,2020-02-23 18:24:07,21.46,-71.14,73.96,74,14,22.06,few clouds,0.0,0.0
411,Sinnamary,GF,2020-02-23 18:28:59,5.38,-52.95,79.25,82,58,15.9,light rain,0.19,0.0
412,Lima,PE,2020-02-23 18:28:44,-12.04,-77.03,82.4,61,75,11.41,broken clouds,0.0,0.0
413,Voh,NC,2020-02-23 18:29:00,-20.97,164.7,76.87,78,100,9.8,overcast clouds,0.0,0.0
414,Ngunguru,NZ,2020-02-23 18:29:00,-35.62,174.5,55.99,86,25,5.01,scattered clouds,0.0,0.0
415,Berdigestyakh,RU,2020-02-23 18:29:02,62.1,126.7,-4.76,98,94,2.57,overcast clouds,0.0,0.0
416,Itarema,BR,2020-02-23 18:29:03,-2.92,-39.92,85.75,69,85,4.65,light rain,0.31,0.0
417,Hrebinka,UA,2020-02-23 18:29:03,50.12,32.44,39.04,75,99,10.67,overcast clouds,0.0,0.0
418,Soyo,AO,2020-02-23 18:29:03,-6.13,12.37,84.2,74,20,5.82,few clouds,0.0,0.0
419,Bileca,BA,2020-02-23 18:29:03,42.87,18.43,50.0,75,73,1.21,broken clouds,0.0,0.0
420,Kununurra,AU,2020-02-23 18:28:15,-15.77,128.73,78.8,83,21,4.7,few clouds,0.0,0.0
421,Cortez,US,2020-02-23 18:29:04,37.35,-108.59,37.0,93,90,5.12,light rain,0.0,0.0
422,Santa Cruz De Tenerife,ES,2020-02-23 18:29:04,28.47,-16.25,73.99,52,21,12.75,haze,0.0,0.0
423,Pangai,TO,2020-02-23 18:29:04,-19.8,-174.35,80.6,94,20,5.82,few clouds,0.0,0.0
424,Kuzhener,RU,2020-02-23 18:29:05,56.81,48.91,28.17,91,100,22.1,light snow,0.0,0.44
425,Avera,US,2020-02-23 18:29:05,33.19,-82.53,61.0,24,1,5.82,clear sky,0.0,0.0
426,Galle,LK,2020-02-23 18:29:05,6.04,80.22,80.83,77,78,21.45,broken clouds,0.0,0.0
427,Poum,NC,2020-02-23 18:26:26,-20.23,164.02,80.62,76,37,22.37,scattered clouds,0.0,0.0
428,Swellendam,ZA,2020-02-23 18:29:06,-34.02,20.44,66.2,59,0,12.75,clear sky,0.0,0.0
429,Ahipara,NZ,2020-02-23 18:27:00,-35.17,173.17,55.99,100,0,1.01,clear sky,0.0,0.0
430,Vila Velha,BR,2020-02-23 18:27:44,-20.33,-40.29,78.8,69,90,17.22,overcast clouds,0.0,0.0
431,Derzhavinsk,KZ,2020-02-23 18:29:07,51.1,66.32,10.99,95,74,5.79,broken clouds,0.0,0.0
432,Labuan,MY,2020-02-23 18:29:07,5.28,115.24,80.6,88,75,10.29,broken clouds,0.0,0.0
433,Nikel,RU,2020-02-23 18:29:08,69.41,30.22,23.0,100,75,11.41,broken clouds,0.0,0.0
434,Clarksburg,US,2020-02-23 18:29:08,39.28,-80.34,54.0,23,75,11.41,broken clouds,0.0,0.0
435,Srisailam,IN,2020-02-23 18:29:08,16.08,78.87,67.59,82,100,3.33,overcast clouds,0.0,0.0
436,Jinchang,CN,2020-02-23 18:29:09,38.5,102.17,31.21,34,100,13.4,overcast clouds,0.0,0.0
437,Dalbandin,PK,2020-02-23 18:29:09,28.89,64.41,67.59,30,0,4.16,clear sky,0.0,0.0
438,Buraydah,SA,2020-02-23 18:24:51,26.33,43.98,73.4,38,100,3.36,overcast clouds,0.0,0.0
439,Tilaran,CR,2020-02-23 18:29:09,10.47,-84.97,93.2,32,40,20.8,scattered clouds,0.0,0.0
440,Yabrud,SY,2020-02-23 18:29:10,33.97,36.66,46.4,70,40,5.82,scattered clouds,0.0,0.0
441,Togur,RU,2020-02-23 18:29:10,58.36,82.83,3.74,94,0,2.8,clear sky,0.0,0.0
442,Itamarandiba,BR,2020-02-23 18:29:10,-17.86,-42.86,73.02,91,79,7.29,moderate rain,5.56,0.0
443,Palmerston,AU,2020-02-23 18:29:10,-12.49,130.98,86.0,79,100,10.29,overcast clouds,0.0,0.0
444,Kultuk,RU,2020-02-23 18:29:11,51.72,103.7,4.57,92,100,3.06,overcast clouds,0.0,0.0
445,Pimentel,PE,2020-02-23 18:29:11,-6.84,-79.93,66.2,29,75,9.17,shower rain,0.0,0.0
446,Tuatapere,NZ,2020-02-23 18:29:11,-46.13,167.68,51.01,91,29,3.0,scattered clouds,0.0,0.0
447,Tromso,NO,2020-02-23 18:29:12,69.65,18.96,35.6,98,75,8.05,light intensity shower rain,0.0,0.0
448,Mnogovershinnyy,RU,2020-02-23 18:27:21,53.94,139.92,-2.72,83,43,1.86,scattered clouds,0.0,0.0
449,Fethiye,TR,2020-02-23 18:29:12,36.62,29.12,50.0,87,20,2.24,few clouds,0.0,0.0
450,Kieta,PG,2020-02-23 18:29:13,-6.22,155.63,81.1,78,81,7.0,moderate rain,3.12,0.0
451,Tazmalt,DZ,2020-02-23 18:29:13,36.39,4.4,53.6,66,0,4.7,clear sky,0.0,0.0
452,Boulder,US,2020-02-23 18:29:13,40.08,-105.35,45.0,96,90,8.05,light snow,0.0,0.0
453,Aquiraz,BR,2020-02-23 18:29:13,-3.9,-38.39,86.0,70,75,9.17,broken clouds,0.0,0.0
454,Guanica,PR,2020-02-23 18:29:13,17.97,-66.91,82.99,59,75,14.99,broken clouds,0.0,0.0
455,Semenyih,MY,2020-02-23 18:29:14,2.95,101.84,82.4,74,20,5.82,few clouds,0.0,0.0
456,Kaeo,NZ,2020-02-23 18:29:14,-35.1,173.78,55.99,100,0,1.01,clear sky,0.0,0.0
457,Mmabatho,ZA,2020-02-23 18:29:15,-25.85,25.63,73.4,64,75,5.82,broken clouds,0.0,0.0
458,Waipawa,NZ,2020-02-23 18:29:15,-41.41,175.52,52.0,87,26,2.24,scattered clouds,0.0,0.0
459,Shakhovskaya,RU,2020-02-23 18:29:15,56.03,35.51,32.59,85,17,13.51,few clouds,0.0,0.0
460,Coxim,BR,2020-02-23 18:29:15,-18.51,-54.76,74.34,92,100,3.15,light rain,0.37,0.0
461,Talnakh,RU,2020-02-23 18:26:30,69.49,88.4,14.0,92,75,29.08,shower snow,0.0,0.0
462,Pipar,IN,2020-02-23 18:29:16,26.39,73.54,68.49,41,0,10.27,clear sky,0.0,0.0
463,Sangin,AF,2020-02-23 18:29:16,32.07,64.84,59.09,45,0,2.71,clear sky,0.0,0.0
464,Belyy Yar,RU,2020-02-23 18:29:16,53.6,91.39,12.2,85,9,2.15,clear sky,0.0,0.0
465,General Roca,AR,2020-02-23 18:29:16,-39.03,-67.58,89.6,25,0,6.93,clear sky,0.0,0.0
466,Biak,ID,2020-02-23 18:27:18,-0.91,122.88,82.85,73,40,11.5,scattered clouds,0.0,0.0
467,Olmos,PE,2020-02-23 18:29:17,-5.98,-79.75,69.78,67,66,7.81,light rain,0.19,0.0
468,Puerto Escondido,MX,2020-02-23 18:28:14,15.85,-97.07,86.0,84,5,6.93,clear sky,0.0,0.0
469,Tabira,BR,2020-02-23 18:28:09,-7.59,-37.54,85.91,57,90,1.88,light rain,1.31,0.0
470,Rey Bouba,CM,2020-02-23 18:29:17,8.67,14.18,86.7,10,0,2.95,clear sky,0.0,0.0
471,Tadine,NC,2020-02-23 18:29:17,-21.55,167.88,75.02,81,41,7.16,light rain,0.13,0.0
472,Loiza,PR,2020-02-23 18:25:29,18.43,-65.88,84.2,65,75,8.05,shower rain,0.0,0.0
473,Sisimiut,GL,2020-02-23 18:29:18,66.94,-53.67,0.01,68,64,1.86,broken clouds,0.0,0.0
474,Yar-Sale,RU,2020-02-23 18:26:31,66.83,70.83,30.34,85,100,24.94,overcast clouds,0.0,0.0
475,Dunedin,NZ,2020-02-23 18:27:13,-45.87,170.5,57.0,84,94,3.11,overcast clouds,0.0,0.0
476,Uchiza,PE,2020-02-23 18:29:19,-8.46,-76.46,78.17,68,94,1.9,light rain,1.81,0.0
477,Finschhafen,PG,2020-02-23 18:29:19,-6.6,147.87,83.21,76,49,8.79,moderate rain,3.31,0.0
478,Gat,IL,2020-02-23 18:29:19,31.61,34.76,59.0,77,75,3.36,broken clouds,0.0,0.0
479,Vestmannaeyjar,IS,2020-02-23 18:29:19,63.44,-20.27,33.8,63,75,34.45,shower rain,0.0,0.0
480,Miura,JP,2020-02-23 18:25:33,35.14,139.62,46.0,39,20,10.29,few clouds,0.0,0.0
481,Atambua,ID,2020-02-23 18:29:20,-9.11,124.89,75.07,86,44,2.13,scattered clouds,0.0,0.0
482,Mehamn,NO,2020-02-23 18:29:20,71.04,27.85,33.8,92,75,8.05,broken clouds,0.0,0.0
483,Suba,PH,2020-02-23 18:29:21,10.84,121.01,79.29,80,0,28.23,clear sky,0.0,0.0
484,Aguie,NE,2020-02-23 18:29:21,13.51,7.78,81.57,11,18,12.33,few clouds,0.0,0.0
485,Wamba,NG,2020-02-23 18:29:21,8.93,8.6,88.66,12,30,5.64,scattered clouds,0.0,0.0
486,Hovd,MN,2020-02-23 18:29:21,48.01,91.64,17.64,66,100,1.9,overcast clouds,0.0,0.0
487,Olecko,PL,2020-02-23 18:29:22,54.03,22.51,36.95,80,98,10.13,overcast clouds,0.0,0.0
488,Jardim,BR,2020-02-23 18:29:22,-21.48,-56.14,87.73,38,9,2.8,clear sky,0.0,0.0
489,Shubarshi,KZ,2020-02-23 18:29:22,48.59,57.19,19.65,88,99,12.53,overcast clouds,0.0,0.0
490,Lompoc,US,2020-02-23 18:29:22,34.64,-120.46,62.01,71,90,13.87,overcast clouds,0.0,0.0
491,Yangjiang,CN,2020-02-23 18:29:23,21.85,111.97,63.45,77,23,1.99,few clouds,0.0,0.0
492,Tynda,RU,2020-02-23 18:29:23,55.17,124.72,-3.32,97,89,2.71,overcast clouds,0.0,0.0
493,Saint-Paul,RE,2020-02-23 18:27:25,-21.01,55.27,77.0,88,89,2.24,overcast clouds,0.0,0.0
494,Malanje,AO,2020-02-23 18:29:23,-9.54,16.34,66.87,98,100,5.28,moderate rain,4.75,0.0
495,Noumea,NC,2020-02-23 18:28:54,-22.28,166.46,80.01,78,75,15.43,broken clouds,0.0,0.0
496,Honningsvag,NO,2020-02-23 18:29:24,70.98,25.97,33.8,86,75,6.93,light rain and snow,0.0,0.0
497,Darhan,MN,2020-02-23 18:29:24,49.49,105.92,12.04,85,100,4.14,overcast clouds,0.0,0.0
498,Lexington,US,2020-02-23 18:28:52,37.99,-84.48,54.0,37,90,14.99,overcast clouds,0.0,0.0
499,Hua Hin,TH,2020-02-23 18:29:25,12.57,99.96,75.09,63,12,3.91,few clouds,0.0,0.0
500,Cochrane,CA,2020-02-23 18:29:25,51.18,-114.47,30.2,63,20,5.82,few clouds,0.0,0.0
501,Nouadhibou,MR,2020-02-23 18:29:25,20.93,-17.03,64.4,82,100,13.87,overcast clouds,0.0,0.0
502,Bathsheba,BB,2020-02-23 18:29:26,13.22,-59.52,84.2,70,40,17.22,shower rain,0.0,0.0
503,Ancud,CL,2020-02-23 18:25:21,-41.87,-73.82,59.0,72,75,9.17,broken clouds,0.0,0.0
504,Krutinka,RU,2020-02-23 18:29:26,56.01,71.51,5.77,93,0,3.94,clear sky,0.0,0.0
505,Sheridan,US,2020-02-23 18:29:26,44.83,-106.92,37.99,50,1,5.21,clear sky,0.0,0.0
506,Kant,IN,2020-02-23 18:29:27,27.8,79.8,63.77,69,32,5.93,scattered clouds,0.0,0.0
507,San Jose,US,2020-02-23 18:26:42,37.34,-121.89,57.99,71,75,4.32,broken clouds,0.0,0.0
508,Jiran,IN,2020-02-23 18:29:27,24.32,74.88,65.25,46,0,8.14,clear sky,0.0,0.0
509,Kambove,CD,2020-02-23 18:29:27,-10.88,26.6,65.68,96,100,4.76,light rain,1.69,0.0
510,Sinjar,IQ,2020-02-23 18:29:27,36.32,41.88,52.79,72,0,4.9,clear sky,0.0,0.0
511,Adrar,MR,2020-02-23 18:29:28,20.5,-10.07,92.03,8,97,9.62,overcast clouds,0.0,0.0
512,Sao Joao Da Barra,BR,2020-02-23 18:27:22,-21.64,-41.05,78.8,65,90,11.41,overcast clouds,0.0,0.0
513,Araouane,ML,2020-02-23 18:29:28,18.9,-3.53,89.73,7,41,11.97,scattered clouds,0.0,0.0
514,Hazorasp,UZ,2020-02-23 18:29:28,41.32,61.07,44.6,75,92,4.7,overcast clouds,0.0,0.0
515,Kimberley,ZA,2020-02-23 18:29:29,-28.73,24.76,71.6,53,0,6.93,clear sky,0.0,0.0
516,Burnie,AU,2020-02-23 18:29:29,-41.07,145.92,54.0,86,86,1.99,overcast clouds,0.0,0.0
517,Quang Ngai,VN,2020-02-23 18:29:29,15.12,108.8,69.1,82,57,9.66,light rain,0.19,0.0
518,Aswan,EG,2020-02-23 18:29:30,24.09,32.91,62.73,24,100,7.7,overcast clouds,0.0,0.0
519,Jingdezhen,CN,2020-02-23 18:29:30,29.29,117.21,55.49,87,79,3.2,broken clouds,0.0,0.0
520,Beloha,MG,2020-02-23 18:29:12,-25.17,45.05,77.16,87,53,1.74,light rain,2.63,0.0
521,Masindi,UG,2020-02-23 18:29:30,1.67,31.71,82.06,40,99,2.57,overcast clouds,0.0,0.0
522,Barabai,ID,2020-02-23 18:29:31,-2.58,115.38,75.22,93,100,2.17,light rain,2.13,0.0
523,Newry,GB,2020-02-23 18:29:31,54.18,-6.34,43.0,76,20,9.17,few clouds,0.0,0.0
524,Balkanabat,TM,2020-02-23 18:29:31,39.51,54.37,49.48,67,0,0.98,clear sky,0.0,0.0
525,Bubaque,GW,2020-02-23 18:27:52,11.28,-15.83,79.77,68,99,20.58,overcast clouds,0.0,0.0
526,Povorino,RU,2020-02-23 18:29:31,51.19,42.25,33.01,96,100,17.81,snow,0.0,2.56
527,Gardez,AF,2020-02-23 18:26:05,33.6,69.23,31.3,64,32,3.78,scattered clouds,0.0,0.0
528,Mackay,AU,2020-02-23 18:26:49,-21.15,149.2,78.01,94,75,10.29,broken clouds,0.0,0.0
529,Weyburn,CA,2020-02-23 18:29:32,49.67,-103.85,32.0,67,17,13.0,few clouds,0.0,0.0
530,Deyang,CN,2020-02-23 18:29:32,31.13,104.38,55.99,1,31,3.2,scattered clouds,0.0,0.0
531,Orlik,RU,2020-02-23 18:29:32,52.52,99.83,-1.44,98,97,1.36,overcast clouds,0.0,0.0
532,Thurso,GB,2020-02-23 18:29:33,58.59,-3.53,39.2,80,6,17.22,clear sky,0.0,0.0
533,Emba,KZ,2020-02-23 18:29:33,48.83,58.14,17.26,94,100,9.01,overcast clouds,0.0,0.0
534,Almenara,BR,2020-02-23 18:29:33,-16.18,-40.69,85.8,62,97,7.34,light rain,0.75,0.0
535,Kishi,NG,2020-02-23 18:29:33,9.08,3.85,89.87,13,12,3.65,few clouds,0.0,0.0
536,Jining,CN,2020-02-23 18:29:33,35.41,116.58,55.0,22,54,1.01,broken clouds,0.0,0.0
537,Roald,NO,2020-02-23 18:29:34,62.58,6.13,35.6,74,75,9.17,shower rain,0.0,0.0
538,San Vicente,AR,2020-02-23 18:29:34,-26.62,-54.13,87.01,48,100,3.8,overcast clouds,0.0,0.0
539,Inhambane,MZ,2020-02-23 18:27:38,-23.86,35.38,77.0,94,75,16.11,moderate rain,0.0,0.0
540,Tarauaca,BR,2020-02-23 18:25:17,-8.16,-70.77,84.42,53,68,4.59,broken clouds,0.0,0.0
541,Bedford,GB,2020-02-23 18:29:35,52.13,-0.47,46.99,56,88,10.29,overcast clouds,0.0,0.0
542,Mildura,AU,2020-02-23 18:25:57,-34.2,142.15,73.4,64,15,2.24,few clouds,0.0,0.0
543,Villa Carlos Paz,AR,2020-02-23 18:29:36,-31.42,-64.5,80.01,53,0,16.11,clear sky,0.0,0.0
544,Necochea,AR,2020-02-23 18:29:36,-38.55,-58.74,89.01,20,0,10.0,clear sky,0.0,0.0
545,Yeniseysk,RU,2020-02-23 18:29:36,58.45,92.17,18.19,96,99,4.45,light snow,0.0,0.25
546,Belmonte,BR,2020-02-23 18:29:36,-15.86,-38.88,87.8,74,40,6.93,scattered clouds,0.0,0.0
547,Heviz,HU,2020-02-23 18:29:37,46.79,17.18,50.0,66,99,4.7,overcast clouds,0.0,0.0
548,Lakhdenpokhya,RU,2020-02-23 18:29:37,61.52,30.2,35.01,92,96,8.46,overcast clouds,0.0,0.0
549,Denpasar,ID,2020-02-23 18:25:14,-8.65,115.22,78.8,94,40,2.24,scattered clouds,0.0,0.0
550,Kontagora,NG,2020-02-23 18:29:37,10.4,5.47,91.44,8,0,8.01,clear sky,0.0,0.0
551,Anzio,IT,2020-02-23 18:29:37,41.49,12.62,55.4,87,40,3.36,scattered clouds,0.0,0.0
552,Sabang,ID,2020-02-23 18:29:37,5.89,95.32,83.44,74,0,25.75,clear sky,0.0,0.0
553,Chapais,CA,2020-02-23 18:25:06,49.78,-74.85,35.6,64,1,6.93,clear sky,0.0,0.0
554,Kargasok,RU,2020-02-23 18:29:38,59.06,80.86,4.3,91,0,6.42,clear sky,0.0,0.0
